data,turno,premio1,premio2,premio3,premio4,premio5,premio6,premio7,premio8,premio9,premio10
30/07/2019,Segunda Extração,1004,9984,9361,2573,4384,1304,4084,9088,5681,0697
30/07/2019,Primeira Extração,0863,1708,2380,1221,9295,4404,1764,5461,4713,4931
29/07/2019,Segunda extração,5838,1781,2633,5205,1738,8948,3469,8298,7324,1761
29/07/2019,Primeira Extração,5167,8085,5114,2090,9897,4899,6557,4054,6568,8670
27/07/2019,Segunda Extração,4175,7611,9717,7062,1227,6576,6374,0699,6261,9933
27/07/2019,Primeira Extração,6909,1838,5253,4495,8233,1437,5178,9604,7931,0457
26/07/2019,Segunda extração,9040,9927,3575,4981,6989,4085,7638,6525,4026,4966
26/07/2019,Primeira Extração,6566,4185,2938,1935,8900,4016,4387,9538,1009,1697
25/07/2019,Segunda Extração,0081,9310,3751,0836,4230,5276,4519,9979,0085,3153
25/07/2019,Primeira Extração,6110,4955,3377,2601,9508,2469,5513,5224,7978,9961
24/07/2019,Segunda extração,3757,7218,6138,5972,4757,6080,2224,2401,8600,5802
24/07/2019,Primeira Extração,7716,3900,7771,7483,4305,5082,9064,5276,9335,2469
23/07/2019,Segunda Extração,2779,7554,9951,9969,5332,7165,6040,3202,8409,2685
23/07/2019,Primeira Extração,3911,8779,2683,9108,2870,1223,3923,6990,0361,4867
22/07/2019,Segunda extração,5268,1202,4423,2100,5396,0825,9378,7131,8374,0686
22/07/2019,Primeira Extração,1493,1160,4271,4930,4339,6262,3115,1367,4488,1631
20/07/2019,Segunda extração,4171,8690,1374,0259,7694,3691,3415,9093,9017,5930
20/07/2019,Primeira Extração,4082,6724,6418,0457,7905,4902,6246,5471,0314,3127
19/07/2019,Segunda Extração,4908,6001,8424,0991,5596,5072,9075,3367,3315,3762
19/07/2019,Primeira Extração,5281,6934,7670,0286,9310,1131,1790,9178,0727,9553
18/07/2019,Segunda Extração,0870,5595,1571,6371,5466,9712,2746,3150,3847,4356
18/07/2019,Primeira Extração,5900,8345,5025,4077,3699,2770,0592,8197,7687,6299
17/07/2019,Segunda extração,7796,8878,3191,0278,4090,5160,5905,5122,4343,5896
17/07/2019,Primeira Extração,3678,9358,0925,8993,7593,0777,5973,1721,2498,2791
16/07/2019,Segunda Extração,8612,0387,3403,0649,7660,0708,7606,9448,4207,2460
16/07/2019,Primeira Extração,4047,8774,5928,5747,5128,3557,5215,8307,0789,8816
15/07/2019,Segunda extração,5810,8230,0179,6374,3404,8194,1590,0687,7576,0991
15/07/2019,Primeira Extração,8690,2570,2383,0101,1814,9156,3338,5389,4810,2774
13/07/2019,Segunda Extração,0452,0962,8457,3773,7196,7224,3361,3899,3965,6749
13/07/2019,Primeira Extração,7566,7377,5728,6782,1834,1312,0696,8540,8332,8608
12/07/2019,Segunda extração,7673,7955,6307,9250,5081,4055,1557,4977,1445,9901
12/07/2019,Primeira Extração,6799,9469,4346,0613,9785,4337,2493,8687,7178,5262
11/07/2019,Segunda extração,2759,9868,8961,7479,8211,6652,0895,6755,4734,8974
11/07/2019,Primeira Extração,4065,1042,7303,2285,8110,2161,1526,6252,6390,9912
10/07/2019,Segunda extração,6939,3235,2072,1534,8945,1121,0791,7056,4905,5522
10/07/2019,Primeira Extração,3241,1748,6027,9227,8828,0352,2120,2173,0151,6927
09/07/2019,Segunda extração,8324,7690,7855,6580,6780,7366,9324,5032,0160,7962
09/07/2019,Primeira Extração,2913,3279,2309,8185,0829,9632,8501,3078,3771,9035
08/07/2019,Segunda extração,3696,3375,7562,3806,3142,6409,1637,4173,0107,3644
08/07/2019,Primeira Extração,3783,2523,2759,0672,8121,0233,5447,7682,9473,9247
06/07/2019,Segunda Extração,4893,5868,5152,1921,8349,7817,8644,2062,8456,5011
06/07/2019,Primeira Extração,0783,1147,7689,1437,7090,1310,3968,5228,1195,2838
05/07/2019,Segunda extração,4122,9103,7251,6036,6818,6965,5697,2703,6889,7730
05/07/2019,Primeira Extração,7972,0444,5365,8833,7264,3857,8131,5412,8396,5153
04/07/2019,Segunda extração,4973,4605,3464,3950,4764,6626,5897,3033,5364,3676
04/07/2019,Primeira Extração,2354,1816,2237,0672,0844,7149,0145,5334,2570,2295
03/07/2019,Segunda extração,5268,5913,2143,0320,9611,6799,5581,1536,5401,3407
03/07/2019,Primeira Extração,0947,3029,8475,3731,6364,7369,2202,3214,1840,8154
02/07/2019,Segunda extração,6803,0842,7624,5380,4488,9694,7168,7328,8691,0095
02/07/2019,Primeira Extração,1800,9131,9257,5183,9698,0146,6984,8755,9023,9286
01/07/2019,Segunda extração,8939,9622,8067,3300,9446,5445,3381,1286,7292,9309
01/07/2019,Primeira Extração,5849,1213,8931,2520,9280,7821,8735,1722,2084,9818
29/06/2019,Segunda extração,0026,5415,5842,5369,3407,9774,7375,3772,3321,4653
29/06/2019,Primeira Extração,6535,7241,5313,1740,0409,2035,3965,2691,6574,5709
28/06/2019,Segunda extração,7125,5593,0043,9282,4044,8730,3525,1308,6122,5922
28/06/2019,Primeira Extração,5658,8507,9172,9870,9796,5513,6693,0122,3321,6050
27/06/2019,Segunda extração,5048,6550,5756,7618,1395,5306,6354,0069,4453,2189
27/06/2019,Primeira Extração,2549,5454,6198,9088,6533,7651,5502,1083,9833,2157
26/06/2019,segunda extração,7919,6907,8216,3706,4078,9616,2480,5856,5181,5383
26/06/2019,Primeira Extração,7024,3669,3558,4893,4335,0097,9059,3133,2380,7470
25/06/2019,Segunda extração,0993,7670,1208,2100,1123,5523,4271,6949,5023,8855
25/06/2019,Primeira Extração,4701,8478,9051,9138,3644,6421,0793,4476,5068,1597
24/06/2019,segunda extração,7438,0727,7197,2089,8267,1919,1196,0938,4184,3925
24/06/2019,Primeira Extração,9230,8235,4130,1083,1276,5907,0647,6936,7680,7929
22/06/2019,Segunda Extração,7757,3162,2445,3883,0840,0594,7865,3278,1177,5781
22/06/2019,Primeira Extração,0249,4552,9171,5869,2838,1413,9813,0278,1483,2677
21/06/2019,Segunda extração,2879,9411,2031,2646,7613,0027,4766,0148,0427,1616
21/06/2019,Primeira Extração,2754,4186,8110,4941,7307,5221,9948,8660,5163,2961
19/06/2019,segunda extração,7395,9310,9809,0451,8701,0268,2456,1052,5358,2378
19/06/2019,Primeira Extração,2938,1105,6598,4207,7764,2613,3110,1022,8157,5395
18/06/2019,segunda extração,1133,7957,0532,0388,2732,5446,9753,9464,2011,4097
18/06/2019,Primeira Extração,0385,3845,7676,2129,4203,6827,0782,0491,3362,6723
17/06/2019,segunda extração,4536,4496,9104,7827,5532,6084,7343,5606,6022,0404
17/06/2019,Primeira Extração,1034,3332,1294,0370,0991,6453,0820,9298,3474,5179
15/06/2019,Segunda Extração,8407,6987,0691,6943,5025,9525,7165,3542,7131,6722
15/06/2019,Primeira Extração,9259,2049,5059,6088,0792,5454,9372,2135,2513,9667
14/06/2019,Segunda Extração,6362,5754,7735,5837,3695,6723,6625,9789,3597,6876
14/06/2019,Primeira Extração,8331,4063,7919,5787,5627,5580,2859,1081,9516,4571
13/06/2019,Segunda Extração,8800,0123,1164,5981,4980,3540,8071,6761,9057,5593
13/06/2019,Primeira Extração,6667,0306,5651,3724,2217,2832,2370,6075,0767,4406
12/06/2019,Segunda Extração,1972,9398,7888,8024,4517,7207,7328,4195,9780,2767
12/06/2019,Primeira Extração,3262,4172,6301,4647,9007,6665,1413,6837,7355,2404
11/06/2019,Segunda Extração,5096,0014,0980,3603,4053,1632,9184,6806,3432,4780
11/06/2019,Primeira Extração,3538,8304,8926,0275,1224,5484,5045,9391,9678,6707
10/06/2019,Segunda Extração,4288,7322,5025,5675,4636,6812,1964,0635,0502,2023
10/06/2019,Primeira Extração,2362,6931,4068,9197,2842,0482,9252,4458,0972,0618
08/06/2019,Segunda Extração,5939,5348,3421,8169,3948,6871,1502,8290,2731,5817
08/06/2019,Primeira Extração,8050,0029,1020,2244,5185,2745,2416,7012,1330,3799
07/06/2019,Segunda Extração,5367,2953,0335,9474,3566,5419,4872,5434,5613,2862
07/06/2019,Primeira Extração,5349,3638,2751,7412,8924,0469,8144,6819,2610,6760
06/06/2019,Segunda Extração,0070,4288,7246,4244,0577,8236,1408,1022,1154,7331
06/06/2019,Primeira Extração,7242,6359,3084,5237,3680,8443,4584,0658,2397,6821
05/06/2019,Segunda Extração,6926,7912,1678,9163,5788,2538,3136,9878,5071,9484
05/06/2019,Primeira Extração,5369,9537,5931,2345,8844,4635,5095,3363,5313,5396
04/06/2019,Segunda Extração,7020,7039,9226,2207,1095,1041,3486,3979,1947,4700
04/06/2019,Primeira Extração,4046,8373,1995,9549,5921,3592,0438,6929,0289,0670
03/06/2019,Segunda Extração,9562,6838,3304,3754,0312,6300,5601,2478,3852,4803
03/06/2019,Primeira Extração,3211,0533,5240,4404,5970,0243,0179,1305,5386,5217
01/06/2019,Segunda Extração,5819,7746,5846,4911,5459,6760,4342,0043,4538,1918
01/06/2019,Primeira Extração,5414,8835,1334,2681,5359,7672,7751,7936,7206,5583
31/05/2019,Segunda Extração,3158,9909,9796,7830,0141,4452,8487,2825,5001,4365
31/05/2019,Primeira Extração,9565,2103,0760,0422,5075,1471,4133,2454,3004,9243
30/05/2019,Segunda Extração,6239,9756,5714,1364,8148,7703,9791,4507,7749,0143
30/05/2019,Primeira Extração,3452,6477,2361,4313,6270,3707,3485,5635,1265,7834
29/05/2019,Segunda Extração,4042,7168,2066,0246,8756,5380,2526,8395,4619,5286
29/05/2019,Primeira Extração,8641,1303,7099,3814,8609,4146,3950,7995,8688,0736
28/05/2019,Segunda Extração,9882,4317,3360,6550,4266,5323,1510,8691,4655,5872
28/05/2019,Primeira Extração,9226,7507,1931,6929,9063,0136,8972,9018,9490,9225
27/05/2019,Segunda Extração,0694,7218,0181,8590,3895,5332,5953,1863,5215,8115
27/05/2019,Primeira Extração,1516,9708,2404,3314,4454,7448,2648,2188,3839,9016
25/05/2019,Segunda Extração,6490,0343,2662,6677,2064,3178,7865,2417,0899,1541
25/05/2019,Primeira Extração,2832,7391,0984,3110,9606,4267,9279,7151,5822,4994
24/05/2019,Segunda Extração,4755,3954,2545,3242,0508,0314,4193,7788,8788,7450
24/05/2019,Primeira Extração,5223,9521,5308,2468,4911,7967,7604,1490,5662,1824
23/05/2019,Segunda Extração,6586,7786,6559,4067,1817,1139,3891,0708,6905,1583
23/05/2019,Primeira Extração,0516,4108,8026,0879,6951,4240,4070,9040,1017,9424
22/05/2019,Segunda Extração,3515,9090,6045,5551,5859,4688,9613,6077,4967,6350
22/05/2019,Primeira Extração,2032,0958,7432,6935,1142,2544,6749,9206,7136,5206
21/05/2019,Segunda Extração,1020,3574,5103,9613,8159,6043,4086,9645,2389,9095
21/05/2019,Primeira Extração,0784,5793,0759,5598,1072,8158,8849,7959,0456,5732
20/05/2019,Segunda Extração,3954,6408,3344,9075,4209,5459,7997,9887,4029,1638
20/05/2019,Primeira Extração,9835,1282,3760,1184,7261,9884,7067,6780,0989,5195
18/05/2019,Segunda Extração,7965,5801,4206,5022,8101,1906,3835,5075,0391,6961
18/05/2019,Primeira Extração,6894,5205,9208,8247,4855,7842,1032,9541,5657,1148
17/05/2019,Segunda Extração,4080,0632,6860,9771,4909,4650,7059,3455,0280,6664
17/05/2019,Primeira Extração,4865,6048,5436,5531,9252,7917,2007,3484,9233,5117
16/05/2019,Segunda Extração,0152,3339,1571,5811,4648,0949,3320,4385,0555,8365
16/05/2019,Primeira Extração,9539,6683,1366,1080,8779,0616,0905,9957,2768,1192
15/05/2019,Segunda Extração,8889,6562,9209,6850,4477,1412,4663,0515,8014,6967
15/05/2019,Primeira Extração,2520,6674,5236,7378,1077,6343,1838,6758,2559,6651
14/05/2019,Segunda Extração,3509,6724,6648,1017,5945,0953,5300,0509,5493,3523
14/05/2019,Primeira Extração,1921,6075,7064,2669,6538,1740,3399,3498,7291,5228
13/05/2019,Segunda Extração,1362,6383,8539,3061,5014,7103,0769,1699,4125,1973
13/05/2019,Primeira Extração,1960,5908,7694,1864,8066,9929,8285,3639,2896,0927
11/05/2019,Segunda Extração,9695,6644,3161,2416,9892,6012,4009,6722,0379,3601
11/05/2019,Primeira Extração,5029,1204,2030,3349,5078,0219,4918,1104,5481,7041
10/05/2019,Segunda Extração,6992,6051,1535,8936,6574,7226,4510,7824,1303,5165
10/05/2019,Primeira Extração,3808,2110,5107,4808,2948,5904,5214,0887,9275,9790
09/05/2019,Segunda Extração,1986,1584,3179,0499,3748,6125,5829,7966,4675,5305
09/05/2019,Primeira Extração,4591,2316,4112,1152,8617,1471,1789,2250,3893,5577
08/05/2019,Segunda Extração,6591,2861,0295,0047,9828,4496,8139,4662,5611,5992
08/05/2019,Primeira Extração,7178,4905,0565,7277,6653,7620,1812,5218,0017,0705
07/05/2019,Segunda Extração,1132,5150,4271,6747,1632,5025,4970,7990,4600,6614
07/05/2019,Primeira Extração,6846,6221,3177,1775,9136,3583,7296,3063,2007,6014
06/05/2019,Segunda Extração,4782,1884,4429,5519,1204,2556,4920,5841,8716,2060
06/05/2019,Primeira Extração,5630,9235,1375,7953,1772,0434,7179,9001,3642,2084
04/05/2019,Segunda Extração,9971,0495,2763,6053,2442,3910,6861,9001,8269,7617
04/05/2019,Primeira Extração,9772,5944,1627,6474,4923,9435,6665,1703,8836,0688
03/05/2019,Segunda Extração,3996,7876,8814,0393,1010,7229,9609,6927,2641,5366
03/05/2019,Primeira Extração,4036,5982,6412,1494,3108,4457,7820,4260,5718,5282
02/05/2019,Segunda Extração,5410,7646,7605,7288,7464,6698,3612,0034,0388,4252
02/05/2019,Primeira Extração,8202,8562,1870,4713,9912,9761,5035,4542,1050,3818
30/04/2019,Segunda Extração,9238,9446,7407,9436,3961,0645,4455,9513,7466,6348
30/04/2019,Primeira Extração,8512,0349,4711,3824,3915,2700,8544,5612,3578,4110
29/04/2019,Segunda Extração,5242,8013,4671,1806,7586,5265,9853,2570,9274,2041
29/04/2019,Primeira Extração,1071,6377,3631,8132,5146,3554,9707,7810,8616,0961
27/04/2019,Segunda Extração,6227,3801,1739,0397,8631,4665,0786,3413,9754,2905
27/04/2019,Primeira Extração,2450,6335,5930,5090,4595,2870,0972,3258,8969,6815
26/04/2019,Segunda Extração,6103,2833,1935,1938,2427,1974,6275,0451,1479,6328
26/04/2019,Primeira Extração,9113,9052,1651,1999,3837,6940,8371,0248,4017,0245
25/04/2019,Segunda Extração,1081,6407,7463,2644,1722,6789,6574,7146,2421,3578
25/04/2019,Primeira Extração,5745,2186,8713,8273,0130,4920,6041,4663,9009,6753
24/04/2019,Segunda Extração,7855,7469,0644,5305,9830,6572,4649,7005,3159,1436
24/04/2019,Primeira Extração,2328,5545,2492,9165,0980,0785,0093,3975,7276,1337
23/04/2019,Segunda Extração,9349,9913,7049,8361,5866,3343,5737,5910,9027,4073
23/04/2019,Primeira Extração,1041,7642,9734,8233,2706,5224,3916,4556,1185,6257
22/04/2019,Segunda Extração,6506,8598,7430,8382,1798,0405,4741,0092,6109,4686
22/04/2019,Primeira Extração,7550,8451,8668,0126,2295,7676,5312,6798,6886,8133
20/04/2019,Segunda Extração,7473,4623,2964,1173,6008,8934,8770,2822,5715,4280
20/04/2019,Primeira Extração,0889,4876,4023,7691,4790,6407,9440,9434,8536,8580
18/04/2019,Segunda Extração,7538,1076,9200,1264,3742,9450,3306,2532,5451,3889
18/04/2019,Primeira Extração,7317,8871,8175,5829,1984,7696,1850,4251,3826,2515
17/04/2019,Segunda Extração,6000,5113,8662,2317,4218,6831,3143,0313,5950,7269
17/04/2019,Primeira Extração,4011,1751,6313,3455,3962,1692,6043,3583,1172,0030
16/04/2019,Segunda Extração,8983,6949,6601,2417,8389,4150,6400,1333,7015,4150
16/04/2019,Primeira Extração,8481,9564,8077,0190,0195,3802,8630,9530,2203,0031
15/04/2019,Segunda Extração,3781,9993,6917,0436,1326,7469,6474,9393,1830,8324
15/04/2019,Primeira Extração,1533,7286,0709,3129,0620,7350,3273,1856,2672,5945
13/04/2019,Segunda Extração,2778,7881,5281,3287,6434,7146,1568,3069,2170,7396
13/04/2019,Primeira Extração,1703,5425,0852,1838,7998,9235,1623,8618,9053,2507
12/04/2019,Segunda Extração,8743,2202,9344,8821,4022,0810,0818,9367,6217,7461
12/04/2019,Primeira Extração,5712,1208,6747,0002,2458,0453,9561,6551,2173,2877
11/04/2019,Segunda Extração,3992,1784,9040,6207,6090,4476,7554,9501,4231,7282
11/04/2019,Primeira Extração,8813,2973,3791,4500,7410,9781,7047,2999,0755,2119
10/04/2019,Segunda Extração,6545,4774,3608,7133,1165,0361,9343,2715,6848,4509
10/04/2019,Primeira Extração,6808,9800,5978,8724,8756,3969,0060,1591,6397,1944
09/04/2019,Segunda Extração,4562,5967,1323,5555,3147,9923,9842,0796,2759,5636
09/04/2019,Primeira Extração,4419,0525,2396,2837,3839,1955,8149,8842,5717,1133
08/04/2019,Segunda Extração,9595,4950,4246,0415,7371,6771,5522,7050,2033,1791
08/04/2019,Primeira Extração,0213,7766,8674,3546,3937,0264,9162,3236,8983,3426
06/04/2019,Segunda Extração,8585,7370,6385,4232,3673,1541,3113,6168,0751,6622
06/04/2019,Primeira Extração,2495,4151,0454,5906,8135,3749,0780,9469,5857,0459
05/04/2019,Segunda Extração,2973,9770,2386,4777,2730,5669,7868,6188,0547,5974
05/04/2019,Primeira Extração,0911,1246,6287,7832,0304,7402,0439,1116,8245,1744
04/04/2019,Segunda Extração,2865,8945,5689,4567,8875,0584,9748,7824,3991,0733
04/04/2019,Primeira Extração,7480,5500,1332,0638,9239,8966,0963,1697,9040,4543
03/04/2019,Segunda Extração,1916,7069,0250,3654,7378,0598,5618,0870,3485,3869
03/04/2019,Primeira Extração,0617,7684,6433,3251,2577,1863,4444,9598,6825,5173
02/04/2019,Segunda Extração,7204,8730,6227,1611,5009,2693,7569,7317,8413,1847
02/04/2019,Primeira Extração,8590,9002,1195,5530,8315,3458,3077,0116,9973,0717
01/04/2019,Segunda Extração,2677,4672,6526,0576,0619,5655,5094,7188,5150,7236
01/04/2019,Primeira Extração,6645,5264,3815,7703,1587,1150,6166,8664,3400,1173
30/03/2019,Segunda Extração,3623,7191,6394,5544,9940,7327,8256,7976,9594,2133
30/03/2019,Primeira Extração,8492,5030,0987,6168,7349,6247,6369,0976,7766,6571
29/03/2019,Segunda Extração,3502,9194,0333,1591,4549,6603,1260,8647,5141,6154
29/03/2019,Primeira Extração,2431,8159,3921,3372,9160,2197,4419,2171,0702,2523
28/03/2019,Segunda Extração,9737,9874,2918,4031,7227,7477,1761,3036,3033,5416
28/03/2019,Primeira Extração,1162,5006,5799,9864,0565,2567,5163,7498,9418,5619
27/03/2019,Segunda Extração,0182,8113,3257,5064,1705,0328,4735,3803,7100,9455
27/03/2019,Primeira Extração,2385,9089,3062,2104,9901,7618,2897,3020,6339,6419
26/03/2019,Segunda Extração,2730,1464,2444,8976,4607,9957,0292,8879,6543,6732
26/03/2019,Primeira Extração,1493,8093,4086,0600,4830,3596,1667,6735,4728,7177
25/03/2019,Segunda Extração,5461,1585,5959,2004,5024,4657,9170,3336,2188,2580
25/03/2019,Primeira Extração,2191,1515,2541,9489,5342,9233,7492,9413,3868,7958
23/03/2019,Segunda Extração,4050,0822,1607,6190,7079,6773,4854,4083,4296,0217
23/03/2019,Primeira Extração,5249,8025,2199,9286,2523,4511,7882,5535,8826,5716
22/03/2019,Segunda Extração,5353,9191,4933,2234,8035,0110,6843,5882,4061,6652
22/03/2019,Primeira Extração,9307,1163,2163,7140,6408,1626,0856,8758,5152,4321
21/03/2019,Segunda Extração,3431,3478,5637,3533,7733,7005,2580,9927,3740,6262
21/03/2019,Primeira Extração,7781,1251,6455,7963,6950,5376,3789,0784,7453,2151
20/03/2019,Segunda Extração,8353,0201,3439,1554,7649,2169,6872,6436,1552,8313
20/03/2019,Primeira Extração,0258,5272,5191,7997,6862,3278,6886,5730,6099,7231
19/03/2019,Segunda Extração,0846,0244,3569,5819,6796,3548,3424,3810,5264,9367
19/03/2019,Primeira Extração,3062,8789,4657,1535,1639,6544,1169,3286,8068,3629
18/03/2019,Segunda Extração,5998,5777,2705,6772,6566,4801,1488,2993,8900,7875
18/03/2019,Primeira Extração,0717,4466,6487,2941,4566,6647,2397,8681,1956,6009
16/03/2019,Segunda Extração,9771,8484,6868,1162,3340,2951,2594,7024,5610,1986
16/03/2019,Primeira Extração,0064,2760,4112,1696,6184,0468,1369,7748,5281,5421
15/03/2019,Segunda Extração,7346,7522,4474,1072,1575,2196,5420,0655,4718,2702
15/03/2019,Primeira Extração,9483,0471,5272,8106,7737,9145,5465,2443,7460,2490
14/03/2019,Segunda Extração,4546,2552,2290,4418,0872,9665,7044,7019,9176,1605
14/03/2019,Primeira Extração,0772,9990,3570,5256,5857,6274,3312,9163,2284,1359
13/03/2019,Segunda Extração,7715,9245,1403,4244,7665,8701,9303,5645,8098,8897
13/03/2019,Primeira Extração,3898,6150,0520,9643,2783,4074,8609,5008,4672,0151
12/03/2019,Segunda Extração,4375,4325,1004,0984,7333,1559,0361,4009,9635,1300
26/01/2019,Segunda Extração,1466,3190,6240,1464,7722,2544,9122,2410,7890,1026
26/01/2019,Primeira Extração,7570,6211,7123,4018,7830,7505,4385,5920,6715,1051
12/03/2019,Primeira Extração,4739,6696,5843,2266,9097,5000,1478,1491,0425,7126
11/03/2019,Segunda Extração,2311,4927,6168,6769,1527,8687,4179,9811,9645,8361
11/03/2019,Primeira Extração,5986,4972,9932,1374,9500,7017,9359,7360,4575,0776
09/03/2019,Segunda Extração,9743,4338,8765,2382,3773,6650,6871,1941,5664,2871
09/03/2019,Primeira Extração,9061,7048,2521,8796,0732,2581,9589,2987,9678,2640
08/03/2019,Segunda Extração,5777,8080,1785,4981,5718,6976,5403,5353,8107,2385
08/03/2019,Primeira Extração,6574,0287,6572,0949,7315,2055,5980,7828,1330,6896
07/03/2019,Segunda Extração,1711,5532,5532,3772,1487,5936,1771,4678,1273,4972
07/03/2019,Primeira Extração,1026,3842,9902,4563,4670,8928,6889,0512,7100,7122
06/03/2019,Segunda Extração,1723,1653,1731,1427,9572,6004,9602,5919,8620,1411
06/03/2019,Primeira Extração,4171,0387,3950,5967,9868,5384,8193,1662,1888,9338
02/03/2019,Segunda Extração,6041,0406,3266,0661,9432,6612,5948,3573,2187,7661
02/03/2019,Primeira Extração,7589,4782,9492,1628,5163,0206,7279,8141,0407,4418
01/03/2019,Segunda Extração,3897,8618,8617,8968,1338,1694,5406,6173,5805,2813
01/03/2019,Primeira Extração,5412,2123,4823,4572,9289,0855,1632,0565,7162,0381
28/02/2019,Segunda Extração,5072,0347,7336,9515,2629,5308,4772,4456,8310,3686
28/02/2019,Primeira Extração,4603,8927,5868,1225,5759,8730,0668,4135,2515,9771
27/02/2019,Segunda Extração,5499,3744,8010,0743,4369,1886,5067,5134,0626,0307
27/02/2019,Primeira Extração,0892,4916,6982,6194,7282,6107,0650,4548,1650,3785
26/02/2019,Segunda Extração,1525,3710,4885,1415,2333,8124,0446,3803,7835,4523
26/02/2019,Primeira Extração,3771,2201,4045,0172,1961,5194,3810,5114,6252,2702
25/02/2019,Segunda Extração,7996,5600,7457,9585,6858,3963,2117,7735,6700,6379
25/02/2019,Primeira Extração,5285,2765,8935,0156,0731,3080,5684,0323,3957,7186
23/02/2019,Segunda Extração,2485,7513,6345,1657,8940,8661,4495,4936,8317,7798
23/02/2019,Primeira Extração,7669,6610,6968,2102,0586,5451,6708,5843,3472,3092
22/02/2019,Segunda Extração,9799,1882,5864,9508,9688,5245,6494,5814,5651,3910
22/02/2019,Primeira Extração,9475,4284,0451,5784,9058,8559,8027,2678,4677,3179
21/02/2019,Segunda Extração,5602,8494,6695,2459,6305,1543,3397,6941,5999,9993
21/02/2019,Primeira Extração,7101,7387,4697,1429,8139,3948,3859,1198,8089,4527
20/02/2019,Segunda Extração,4169,4991,3195,0564,9966,6023,9195,7649,9251,1523
20/02/2019,Primeira Extração,5944,2548,8615,6307,5204,0992,5468,2065,5110,9931
19/02/2019,Segunda Extração,4886,8684,1664,8187,2969,3602,4007,6266,5239,3376
19/02/2019,Primeira Extração,3281,0016,7994,0993,5095,4709,2576,5642,5545,5875
18/02/2019,Segunda Extração,9466,5816,5592,6644,5457,7840,6761,5792,6742,2410
18/02/2019,Primeira Extração,7818,3296,7335,0100,5616,0250,7371,3807,9425,7097
16/02/2019,Segunda Extração,7503,4399,2307,3449,5205,5358,7111,1290,0368,6155
16/02/2019,Primeira Extração,6769,5625,5680,1889,9947,6843,0194,4665,0555,4400
15/02/2019,Segunda Extração,1062,6581,6058,4363,6968,8197,8875,0260,5609,7627
15/02/2019,Primeira Extração,1745,3414,3016,5461,2277,2739,8960,1171,5850,6592
14/02/2019,Segunda Extração,8557,8654,6318,1130,9274,9554,7439,8481,4005,9389
14/02/2019,Primeira Extração,3374,1183,0424,3740,6750,9876,1956,7155,9680,5053
13/02/2019,Segunda Extração,7585,4041,0896,3542,8854,0203,2417,4442,1174,7072
13/02/2019,Primeira Extração,9247,6951,7025,9183,5229,4720,8237,2689,9566,5492
12/02/2019,Segunda Extração,1230,9048,2695,6824,4095,0843,2632,4043,1854,7961
12/02/2019,Primeira Extração,0018,2965,5069,6023,7915,8562,0883,6303,8504,3722
11/02/2019,Segunda Extração,7978,8832,3929,8780,5197,1001,0066,6358,9109,8942
11/02/2019,Primeira Extração,7043,0823,2187,8351,5180,5685,3823,4590,1131,5936
09/02/2019,19:00,7592,5060,0395,0504,8471,7986,4456,3394,4888,5585
09/02/2019,14:00,7172,3260,9551,1802,3259,6163,1479,0278,9340,6848
08/02/2019,19:00,7198,2802,0867,8163,6292,5816,0222,6541,2310,0947
08/02/2019,14:00,8296,2346,1029,6129,5944,9632,9724,4141,9007,4876
07/02/2019,19:00,3435,9137,0145,7716,7549,5482,3776,1597,5742,8598
07/02/2019,14:00,7940,7234,2632,0453,2643,3366,5457,7217,2619,1951
06/02/2019,19:00,7082,2854,2161,4424,6640,7400,5008,1662,2893,0184
29/12/2018,19:00,1270,0248,5748,7644,2725,5755,4914,6508,9303,3750
12/01/2019,19:00,5094,6064,7420,1785,0242,8684,6342,3974,0581,6748
14/01/2019,19:00,5618,3281,6869,9236,1487,4310,5580,6931,4707,9006
14/01/2019,14:00,5891,1475,5909,3034,6645,4993,8960,6271,3077,5159
15/01/2019,19:00,1336,9326,9308,0801,3400,7164,9199,2620,6810,9309
15/01/2019,14:00,9038,0694,0605,7507,1732,7858,0320,2520,7658,2632
16/01/2019,14:00,9645,0374,4407,6420,2839,7594,0143,8072,7578,0862
18/01/2019,14:00,8965,1737,9940,4473,8394,8363,5849,6941,3064,3211
19/01/2019,19:00,7994,9431,6536,9143,9393,0006,8644,4305,1666,2184
21/01/2019,19:00,5341,1059,6398,6427,3867,1096,6244,0936,1362,9386
21/01/2019,14:00,4468,1426,0588,9867,4361,9692,8420,2928,5485,0576
22/01/2019,14:00,1907,3530,7204,5998,0196,6023,8017,7129,9841,0239
06/02/2019,14:00,3134,8304,6903,7926,7596,4932,3739,7153,8780,3084
17/01/2019,19:00,1151,6654,9923,0956,1976,7151,1366,3822,4637,4319
17/01/2019,14:00,1241,7531,3661,1933,4659,9767,5764,0072,6115,8869
05/02/2019,19:00,5753,1711,0922,2922,4639,3890,0535,0066,4008,2829
28/01/2019,19:00,3873,2514,8277,4202,3566,3650,0006,1022,8888,8030
28/01/2019,14:00,6592,0899,4093,1444,4453,2170,6595,0858,6033,7138
29/01/2019,19:00,4631,4207,4322,3649,9673,5108,4267,3702,9313,1678
29/01/2019,14:00,1725,1963,9549,5333,8863,6147,1523,7894,1364,0954
30/01/2019,19:00,6697,5954,9415,3788,9022,8055,3054,5114,3641,0623
31/01/2019,19:00,1609,2848,0984,4792,1883,1836,3474,7602,0958,3133
31/01/2019,14:00,8825,1489,1274,1972,4179,2192,4454,0417,3230,5749
01/02/2019,19:00,3705,7369,6439,6232,0988,4989,4816,9005,8132,1444
01/02/2019,14:00,8778,0335,8969,8610,8366,3506,8434,5547,1641,1516
05/02/2019,14:00,0020,7996,4697,2241,0193,3012,4930,2412,2470,1897
02/02/2019,19:00,2433,1732,2514,9508,2578,0150,2873,4735,5649,4450
02/02/2019,14:00,9456,2649,9917,4435,6687,2091,5008,9092,7858,6765
04/02/2019,19:00,7720,3519,6545,3314,6596,9224,8545,5363,5439,5738
04/02/2019,14:00,1608,0989,8309,5053,8632,1204,0028,0303,8986,9641
30/01/2019,14:00,5306,4586,6907,9905,9549,2672,8905,1056,5448,7750
25/01/2019,19:00,7833,0908,6875,8964,4433,3060,3919,5316,8938,1077
25/01/2019,14:00,0092,8694,8142,4550,1842,1765,9051,3486,7368,9476
23/01/2019,19:00,7150,8732,4838,6582,4716,1481,0447,7697,6448,6888
23/01/2019,14:00,0453,8319,6665,1399,4143,5971,1253,2903,9835,2195
22/01/2019,19:00,8961,2940,2003,6812,1476,2388,3933,3347,8273,7396
19/01/2019,14:00,6371,1756,6769,2433,2673,7949,2867,0170,2936,2798
18/01/2019,19:00,5535,5137,7594,7353,9880,7571,1678,6971,4315,1629
16/01/2019,19:00,8764,2486,6934,3898,1991,4900,7785,4185,0939,0523
12/01/2019,14:00,6997,4507,9075,3891,4363,8237,1830,4731,0382,9219
11/01/2019,19:00,4648,5382,8330,1827,7797,7816,5009,2429,0007,2016
11/01/2019,14:00,5433,1783,5493,0581,8543,9265,7480,2748,1553,5971
10/01/2019,19:00,7446,7705,6695,4598,1352,7206,1866,7214,7536,6123
10/01/2019,14:00,2179,1181,8401,4672,7287,2323,4237,2896,5837,9234
09/01/2019,19:00,6170,7568,4020,3950,6315,1969,4534,3978,3049,3717
09/01/2019,14:00,0363,4530,6418,4834,7841,4857,4199,6565,6058,8319
08/01/2019,19:00,4800,4739,3949,6794,3768,2210,1148,7900,8143,6219
08/01/2019,14:00,6539,9437,1970,8866,6648,9331,1483,2751,7013,6176
07/01/2019,19:00,9230,1043,8679,8435,6236,9130,3712,4470,2945,9835
07/01/2019,14:00,0571,2089,0401,6891,3202,9405,9000,7042,2642,1832
05/01/2019,19:00,4605,4990,6845,5414,9897,8072,4619,5008,6938,1012
05/01/2019,14:00,2649,5785,7120,9081,2397,6950,7071,6386,4826,9804
04/01/2019,19:00,1524,6328,5771,0063,6064,0670,8537,0556,3330,5057
04/01/2019,14:00,1157,7025,4421,5768,1958,5073,9916,6162,0015,9510
03/01/2019,19:00,7375,2373,3696,4552,9056,9074,4370,9123,5891,4974
03/01/2019,14:00,8834,7739,7259,6418,0512,1307,2798,7539,9438,5215
02/01/2019,19:00,6400,9335,6578,0683,9333,6293,1137,8003,7442,3377
02/01/2019,14:00,3779,6833,7439,9619,3469,9890,1393,5531,4735,8285
31/12/2018,19:00,2677,2070,0362,6701,2186,5416,8955,8513,1421,8607
31/12/2018,14:00,7305,1043,8307,9715,5546,9857,8738,9586,2842,0549
24/01/2019,19:00,9129,3203,3059,2476,3816,4341,5299,3300,2357,7283
24/01/2019,14:00,6644,8855,8661,9311,8748,1984,3366,5740,4555,8304
29/12/2018,14:00,7530,9874,3133,6575,7204,6683,7105,1543,7528,9751
28/12/2018,19:00,2905,2331,1363,8251,0840,6237,0097,4337,4091,7428
28/12/2018,14:00,2384,7504,6074,9724,0356,9362,9407,4083,8016,0621
27/12/2018,19:00,0717,5159,4415,4251,2013,7230,3074,9892,7752,9178
27/12/2018,14:00,4369,7126,9576,8197,2640,8499,0167,9303,0059,5881
26/12/2018,19:00,2533,8365,2928,9009,1206,9324,7003,8905,9655,0310
26/12/2018,14:00,5457,4057,0660,6378,3994,2222,9215,0190,8069,2039
24/12/2018,19:00,2895,3558,0241,2113,5833,7736,6185,6834,0240,8097
24/12/2018,14:00,3319,3244,0106,7357,1793,7033,2605,0602,4162,2426
22/12/2018,19:00,0917,5283,7797,7795,7074,8624,6868,6417,8405,1752
22/12/2018,14:00,9480,9833,3339,5871,6325,5321,1772,8213,5095,9800
21/12/2018,19:00,5134,0479,7306,4716,2841,7761,5255,5611,4483,1380
21/12/2018,14:00,6545,8267,4982,2101,5096,1689,7461,0413,8943,4512
20/12/2018,19:00,5390,1286,9836,1475,0626,3732,0586,5148,1706,7181
20/12/2018,14:00,4660,0895,7750,4410,8426,0010,3106,3619,6805,6599
19/12/2018,19:00,1362,3635,6152,0705,5475,5915,4920,3885,7346,3170
19/12/2018,14:00,5484,8015,6486,6404,6334,4079,3559,0492,5435,5234
18/12/2018,19:00,8670,9599,7091,3964,3056,1209,1109,8585,1004,3786
18/12/2018,14:00,1606,0544,9615,1270,3159,5776,8733,1075,5996,1202
17/12/2018,19:00,1070,7350,4850,3806,8057,3054,7280,4073,9247,8452
17/12/2018,14:00,3465,4062,9287,1456,3969,7982,5241,5141,0060,7267
15/12/2018,19:00,8680,9080,6438,0722,3927,4075,0360,1718,1731,5246
15/12/2018,14:00,7030,0315,0536,9009,0974,0760,6846,9876,8410,8801
14/12/2018,19:00 Bilhete Único Série 7,6239,2754,7739,4718,0991,2782,7359,4008,0883,3674
14/12/2018,14:00,0843,3680,7309,6558,7247,5700,5651,4607,5689,3781
13/12/2018,19:00,1992,2729,2282,4925,9463,7637,7585,6605,4865,8476
13/12/2018,14:00,3557,7864,7439,0866,9526,8399,9481,7615,3655,7237
12/12/2018,19:00,3715,6420,2046,1350,0377,2751,7895,5675,2975,3667
12/12/2018,14:00,8434,6597,8948,6421,0670,6485,8405,2304,5439,3944
11/12/2018,19:00,8197,8075,2896,3914,5639,8952,3097,2348,8642,3599
11/12/2018,14:00,3752,6607,8641,5868,0895,7958,3520,2066,4604,4299
10/12/2018,19:00,2125,1574,7769,6992,6411,7432,1318,2431,3018,4525
10/12/2018,14:00,9704,4707,0658,9931,0889,0322,9672,2910,3540,8631
08/12/2018,19:00,2150,0353,5352,3529,9663,6479,1889,3720,5314,3959
08/12/2018,14:00,0793,9372,7980,8991,8571,1397,9283,8287,3814,9116
07/12/2018,19:00,2184,6192,7154,3880,2987,6206,4048,2463,9497,0479
07/12/2018,14:00,3478,5480,5082,8088,9690,1985,0089,9302,7670,7851
06/12/2018,19:00,9561,1379,1643,3867,0415,0516,0424,6688,4992,2131
06/12/2018,14:00,1480,2860,5385,1997,8584,4224,7919,0762,4464,1202
05/12/2018,19:00,3622,0446,2616,8000,1088,7342,1634,7935,5672,5009
05/12/2018,14:00,9996,4599,3624,0328,6270,8847,7700,0962,3692,3184
04/12/2018,19:00,0763,5805,0139,9727,3464,2928,6961,7688,8446,9352
04/12/2018,14:00,8978,0704,9833,6575,7425,0359,5477,5708,4438,7987
03/12/2018,19:00,7051,9028,2118,7844,7843,8934,0129,6134,9984,6157
03/12/2018,14:00,9841,6694,6892,0661,4817,1987,3327,0315,5372,4909
01/12/2018,19:00,4234,4077,9557,1400,9534,3154,0217,1735,9166,7333
01/12/2018,14:00,1113,7587,0620,1273,0639,4946,3994,1748,3872,5179
30/11/2018,19:00,3312,5457,6974,1558,8152,7579,1481,3728,9787,4032
30/11/2018,14:00,8594,2191,1165,8973,0601,5269,5936,4138,7188,1377
29/11/2018,19:00,2093,1084,0683,4253,6672,6187,4227,0125,5928,6024
29/11/2018,14:00,4000,1449,5229,8246,3689,9226,4953,5964,5350,5363
28/11/2018,19:00,2036,1439,4829,3725,7814,1653,5121,7929,5286,9166
28/11/2018,14:00,6524,2853,4487,1526,0717,3704,1396,5293,5922,3102
27/11/2018,19:00,7287,4112,4621,3391,0634,7117,8252,5184,4021,0996
27/11/2018,14:00,2328,8882,4292,7150,8165,1707,8559,1697,3128,2194
26/11/2018,19:00,1099,5138,3680,8897,7922,1722,9765,0191,8655,7576
26/11/2018,14:00,8284,5874,2561,2629,2475,8159,1163,9650,5629,2539
24/11/2018,19:00,8852,8471,1953,0907,6668,2697,1434,0497,4289,7977
24/11/2018,14:00,7213,3724,7043,1801,8636,5671,7559,9606,7958,4352
23/11/2018,19:00,2285,2128,4273,2835,4367,7909,5471,6634,7006,4097
23/11/2018,14:00,8666,3721,7799,4431,4498,0171,7905,9476,7531,0737
22/11/2018,19:00,1294,7975,9149,8333,8900,4479,4181,6822,0159,4377
22/11/2018,14:00,7287,4041,2198,9419,7965,0912,8512,8504,1069,5483
21/11/2018,19:00,7935,3775,6999,2906,7686,0258,9412,1365,1080,6052
21/11/2018,14:00,4333,7340,7516,0335,0803,6029,2004,9901,7994,4051
20/11/2018,19:00,5627,4395,9201,5395,1512,3713,9873,1632,0261,8904
20/11/2018,14:00,6319,0864,5594,9537,4690,9738,3873,2692,9640,3953
19/11/2018,19:00,0784,2180,5086,1532,1519,7912,0258,9245,7652,5076
19/11/2018,14:00,3028,5351,1465,3593,9977,3495,9103,8355,2915,0907
17/11/2018,19:00,8342,6154,5146,0410,7972,1095,4668,4831,1217,9496
17/11/2018,14:00,8417,4730,0773,1636,7310,2127,5473,5532,8693,3186
16/11/2018,19:00,1657,4220,7904,6300,7302,7594,5791,7618,7557,7163
16/11/2018,14:00,2078,4534,6160,8977,1008,3007,4176,7181,8675,3305
14/11/2018,19:00,1260,0653,2359,8078,4127,7406,6270,5779,3544,1373
14/11/2018,14:00,2718,4751,2436,3148,8065,6373,5263,7441,3170,2993
13/11/2018,19:00,5667,9428,6195,1744,5008,1796,5137,9702,7123,3385
13/11/2018,14:00,8591,1936,4199,6820,5187,2487,3100,8726,1299,3542
12/11/2018,19:00,4678,5555,6153,3757,4637,9187,0170,8217,8402,2149
12/11/2018,14:00,7400,7202,6035,3392,7479,5617,2137,2954,7438,4579
10/11/2018,19:00,3500,2711,0905,6659,8737,0323,5442,7594,6318,2639
10/11/2018,14:00,7988,4706,1864,5297,9108,8864,7237,1880,7227,9076
09/11/2018,19:00,9339,0026,6866,3854,2907,5300,3205,1652,0961,1496
09/11/2018,14:00,7673,0040,6082,8372,3248,7691,5561,7934,6025,8885
08/11/2018,19:00,5432,8424,9018,2231,5235,6000,1416,3317,5850,3447
08/11/2018,14:00,1988,0192,8502,1448,0406,3735,7911,1043,7184,5950
07/11/2018,19:00,5700,4777,2153,9378,1949,8271,2498,5317,7912,0571
07/11/2018,14:00,5741,1983,0514,3295,0634,5008,9773,6756,9355,1661
06/11/2018,19:00,3308,8513,6767,7747,5679,0124,8879,6159,0410,0261
06/11/2018,14:00,8195,8375,2784,7890,5431,8341,0518,6961,0620,2459
05/11/2018,19:00,6724,1384,0927,5285,2868,3974,9651,4591,4521,4049
05/11/2018,14:00,8187,2939,2651,4992,5309,1905,7795,0994,8731,5326
03/11/2018,19:00,9209,6681,2281,6887,0428,6569,6172,2665,6719,3763
03/11/2018,14:00,7612,6558,2810,0380,4130,1312,8573,1097,1482,4898
01/11/2018,19:00,6932,3150,8231,8667,4645,2800,4927,3204,0444,5028
01/11/2018,14:00,0536,8257,1463,4196,3900,0811,2876,4536,9738,6657
31/10/2018,19:00,1738,7772,8245,2303,7379,5530,0291,7859,4015,1376
31/10/2018,14:00,8139,6487,7592,4923,0882,8157,2936,4503,0691,3193
30/10/2018,19:00,9152,0375,5602,1031,0699,3377,0348,0013,3695,1031
30/10/2018,14:00,4651,6681,8191,1833,8987,0885,1877,5668,3910,3046
29/10/2018,19:00,6544,6576,6051,1775,1565,6636,6652,6247,9344,2370
29/10/2018,14:00,4704,8130,3417,8171,2809,6342,0122,8753,2658,7514
27/10/2018,19:00,1913,0118,7397,4788,5594,8391,7661,6847,5017,8008
27/10/2018,14:00,9285,1150,0834,1697,4602,3540,1735,4470,5007,9045
26/10/2018,19:00,4491,5545,8772,4505,4699,9463,6029,1088,3563,7325
26/10/2018,14:00,2831,2951,2413,5808,1280,0810,9837,0167,0598,7034
25/10/2018,19:00,9847,1756,0609,0984,6083,6882,3607,4730,2709,0578
25/10/2018,14:00,6287,1740,9019,9021,4398,8250,0529,2025,3140,9184
24/10/2018,19:00,0157,2386,6206,4731,1270,7486,2218,3510,2030,1016
24/10/2018,14:00,7134,4948,3205,5799,3227,6679,4995,3499,5571,8055
23/10/2018,19:00,1973,8009,0177,5102,3560,3016,5218,5765,5714,8237
23/10/2018,14:00,5730,0372,9860,9009,5490,0282,7286,4008,1391,8222
22/10/2018,19:00,6446,0497,2632,8834,8711,3730,6525,7459,0498,7755
22/10/2018,14:00,5690,9250,6103,1171,1511,6554,5793,7593,6663,2896
20/10/2018,19:00,3896,2577,8183,9411,1151,0798,7784,0147,9313,4908
20/10/2018,14:00,2172,2187,8537,1851,5560,0649,9530,5942,8863,9281
19/10/2018,19:00,4292,3362,7761,6051,6580,5789,0718,4234,5172,8135
19/10/2018,14:00,9853,0909,7958,7808,7848,1879,8356,6741,7836,3088
18/10/2018,19:00,0739,0440,7836,5735,4295,3924,1490,4948,2154,1832
18/10/2018,14:00,3732,9314,9873,3881,9007,3092,5111,9669,6548,2700
17/10/2018,19:00,0615,4618,0509,8706,9758,1576,5419,9999,5503,6733
17/10/2018,14:00,0001,2182,5006,0998,5698,4629,5434,6050,6471,4392
16/10/2018,19:00,0113,2280,1075,4322,4419,0260,2574,5316,9841,0040
16/10/2018,14:00,9354,8053,9563,6317,0987,3486,1270,8854,1953,3782
15/10/2018,19:00,0612,9540,8117,0932,1370,9472,9815,4398,8268,9549
15/10/2018,14:00,3964,0927,0006,8550,8219,0159,7615,4120,6114,9472
13/10/2018,19:00,0314,6798,8839,7566,7387,2390,8998,2672,6040,1200
13/10/2018,14:00,9674,0118,6723,3264,8106,1101,8626,7006,1129,5157
11/10/2018,19:00,6448,1252,7840,6373,8734,3159,3719,8843,4308,8872
11/10/2018,14:00,3637,6647,8373,9489,3413,9187,1868,4887,2111,6292
10/10/2018,19:00,1383,5491,0556,3138,5570,3796,7594,0182,6411,7738
10/10/2018,14:00,2339,4251,8159,6160,5212,9757,3415,8483,6492,3715
09/10/2018,19:00,5205,0901,3860,8491,0579,4627,7098,7295,5618,7428
09/10/2018,14:00,0611,8142,9220,0006,3862,9273,8053,1380,6296,2355
08/10/2018,19:00,6743,4059,1395,7543,1056,2505,3492,7852,0995,0428
08/10/2018,14:00,1885,6246,2617,7255,5347,1173,0667,9765,6687,0101
06/10/2018,19:00,6594,6346,9428,1892,6453,3785,0405,6975,8326,0837
06/10/2018,14:00,9711,6580,9053,4692,1851,2434,0616,1016,6790,6726
05/10/2018,19:00,2590,1243,6331,2057,2519,7605,6248,5873,1709,0265
05/10/2018,14:00,6221,9054,6040,4492,1309,7883,6620,3240,6025,0292
04/10/2018,19:00,5529,0224,7798,5801,4671,8102,4260,0708,6325,2990
04/10/2018,14:00,3508,7466,9532,8304,4975,2195,1235,7030,6119,5074
03/10/2018,19:00,4073,6442,3834,5020,8830,4913,9572,4531,5190,6684
03/10/2018,14:00,0251,8776,1784,9118,0676,1067,1194,6954,6216,7490
02/10/2018,19:00,7232,3786,0259,7217,9329,2350,7445,3540,7746,0431
02/10/2018,14:00,5209,6179,5050,5747,1745,0561,7897,0919,0047,0915
01/10/2018,19:00,6964,6211,0015,9353,3025,8663,8591,5556,0403,1767
01/10/2018,14:00,5338,6404,6390,2741,3042,1483,8733,8351,8520,8799
29/09/2018,19:00,6696,0446,6570,9190,2277,6957,1472,2781,4758,1245
29/09/2018,14:00,5785,4898,7056,1083,7987,7722,5224,8374,1182,3546
28/09/2018,19:00,3269,1652,9703,5467,8171,5519,5257,3197,5550,3560
28/09/2018,14:00,4667,5095,0776,1273,1431,7248,6047,2074,1909,4217
27/09/2018,19:00,5808,7528,5686,1269,4887,2493,2359,9793,9409,5831
27/09/2018,14:00,1356,2230,5616,4619,8443,5367,7765,5538,1128,7127
26/09/2018,19:00,0412,5538,9768,9641,0399,4420,0669,1880,1719,9588
26/09/2018,14:00,7789,1923,4459,6684,7574,0199,5389,6262,9895,9800
25/09/2018,19:00,1999,2086,7557,3141,7096,0100,0730,2213,7834,4688
25/09/2018,14:00,4993,6753,9967,9488,3959,4591,9708,1723,8103,3743
24/09/2018,19:00,9151,7545,3032,6543,8320,3906,1281,5233,4126,5333
24/09/2018,14:00,9251,4058,5553,3353,1719,0135,7650,4201,0029,4893
22/09/2018,19:00,0183,8899,2172,6731,0449,2157,4114,9735,1199,2122
22/09/2018,14:00,5243,9874,5708,4341,7422,5699,1350,3455,6672,8619
21/09/2018,19:00,8567,2656,6929,8640,5803,5800,9150,6236,3496,2898
21/09/2018,14:00,3611,3580,8559,9070,6327,4715,3125,0323,5350,1106
20/09/2018,19:00,4254,5406,6628,7436,1816,1562,9086,4604,4642,8289
20/09/2018,14:00,2153,1377,6916,7361,5363,6150,1860,0269,4466,2473
19/09/2018,19:00,9519,5745,5288,8786,7133,2154,5183,1676,8825,1481
19/09/2018,14:00,0079,4724,9059,1959,8672,6996,3468,2408,9393,0698
18/09/2018,19:00,8820,1078,7179,9174,8988,7136,9830,4529,7537,2609
18/09/2018,14:00,4327,1189,6120,7655,6042,6437,4105,5049,7579,0911
17/09/2018,19:00,5913,8798,9345,8247,2422,5749,7575,4107,9096,0340
17/09/2018,14:00,7440,4725,5278,9244,1463,6936,2950,4041,9447,7888
15/09/2018,19:00,8664,4529,6214,0847,4914,1230,7507,5353,4933,5948
15/09/2018,14:00,2182,3324,6468,6280,4734,8037,9849,1902,7398,4466
14/09/2018,19:00,6811,6445,5316,2156,5971,7408,7261,4133,4404,8567
14/09/2018,14:00,3213,9462,2223,2178,0615,3835,5796,0247,3144,4749
13/09/2018,19:00,7053,8426,1546,2571,9882,7696,5590,7770,7232,9214
13/09/2018,14:00,0152,6130,6916,8008,5829,0008,6268,6201,1239,5870
12/09/2018,19:00,8149,9789,3321,1903,7796,5903,6966,7467,1696,7636
12/09/2018,14:00,5779,6954,4595,7308,0931,0712,9943,8996,9993,6893
11/09/2018,19:00,3659,9381,0934,0334,5373,3509,6935,2795,8977,6971
11/09/2018,14:00,7848,3118,2569,0329,9479,1678,1161,6685,5338,7128
10/09/2018,19:00,7371,5116,4761,7571,6260,3824,9412,1577,5290,3054
10/09/2018,14:00,7114,6470,8525,8391,0961,5020,4329,8225,9867,0196
08/09/2018,19:00,1158,3001,9307,5012,3340,9759,3262,4353,3301,4908
08/09/2018,14:00,1898,0607,8246,8078,9933,6992,1290,0526,7395,9353
06/09/2018,19:00,5967,5599,4687,3410,5705,6635,8524,7218,5880,2755
06/09/2018,14:00,2299,9023,1427,2740,7661,4466,7253,4743,1263,1493
05/09/2018,19:00,1724,8575,1900,7474,2182,8998,4089,0466,9363,6564
05/09/2018,14:00,7568,4819,1144,5036,1573,5684,3184,3402,5018,6699
04/09/2018,19:00,8908,6215,1437,2388,2026,7376,4585,0563,6319,1126
04/09/2018,14:00,1112,6537,5857,6248,6499,7720,6092,5191,9507,1454
03/09/2018,19:00,8935,3874,9215,8744,9670,1018,0128,0392,7671,5528
03/09/2018,14:00,2479,7868,7913,3798,4600,5779,7061,9237,6312,1733
01/09/2018,19:00,0692,5492,0575,3192,8971,9724,5882,1803,1351,8820
01/09/2018,14:00,0805,8534,0494,8675,2925,2268,8575,1015,0611,1141
31/08/2018,19:00,0964,4475,4520,4835,3526,9585,3493,3945,2572,8820
31/08/2018,14:00,1215,3731,3894,9804,1560,4092,4783,0637,6823,3546
30/08/2018,19:00,4020,6246,4409,6943,5889,9486,0835,0774,3473,1499
30/08/2018,14:00,2459,5777,3897,6804,1281,0889,2960,7235,0299,2594
29/08/2018,19:00,9727,5655,1418,2919,4925,5611,6600,0294,2350,5508
29/08/2018,14:00,4503,2778,0072,8205,9877,5562,7264,5804,9929,1780
28/08/2018,19:00,9000,7384,8065,7355,0164,8433,0718,0544,4726,9271
28/08/2018,14:00,9846,7451,6620,9146,1357,9501,4082,2168,0972,4688
27/08/2018,19:00,0165,8951,3085,8015,0445,8636,3874,4413,1529,9346
27/08/2018,14:00,1670,7668,1579,6143,1418,0883,0122,9712,9272,9485
25/08/2018,19:00,1285,6915,1816,9625,4647,8779,9453,8988,8457,0315
25/08/2018,14:00,0648,4133,9100,8924,5298,8599,2389,3850,1671,2542
24/08/2018,19:00,9661,4061,5687,9739,5546,3562,8397,6063,8716,2032
24/08/2018,14:00,8983,6643,0900,7055,9832,5382,6237,3237,1011,5501
23/08/2018,19:00,0451,8959,1375,5062,1960,7353,3232,8521,6688,7619
23/08/2018,14:00,5742,4666,0874,6375,7500,7327,2658,2005,1579,8515
22/08/2018,19:00,2551,9918,5229,7700,8813,0003,1227,1415,9380,5727
22/08/2018,14:00,7899,7395,0743,5247,6354,3510,5442,9068,5969,8032
21/08/2018,19:00,0319,7224,1541,7354,5697,4049,8117,7349,1386,7384
21/08/2018,14:00,9797,8926,4827,4108,5538,4833,5734,7843,3706,2386
20/08/2018,19:00,3079,4141,1845,5030,0890,7105,3577,4981,2171,3513
20/08/2018,14:00,4042,5767,1686,7214,9427,9498,6264,5186,5453,0977
18/08/2018,19:00,0147,1126,3134,9764,6513,6394,9389,2529,0621,4152
18/08/2018,14:00,9491,3057,7687,6706,0290,2124,9063,5331,7109,3958
17/08/2018,19:00,2849,9361,8614,2618,1304,1913,9849,6253,3190,7750
17/08/2018,14:00,8604,1703,7684,4171,0407,5009,7281,0709,7873,8348
16/08/2018,19:00,9854,6775,9538,3967,5353,0536,7196,5821,9530,1267
16/08/2018,14:00,7349,1206,1148,0877,6650,3788,6564,2582,2465,9764
15/08/2018,19:00,9518,1668,7643,8541,2849,1680,1666,6390,4581,0442
15/08/2018,14:00,7609,3654,7037,2412,0598,4307,9035,9869,6200,2716
14/08/2018,19:00,1579,6566,6073,8913,3863,8622,9657,6467,5439,1364
14/08/2018,14:00,2093,7156,8626,6268,0128,9331,4362,6522,7080,2717
13/08/2018,19:00,2517,8740,6300,1404,8689,3683,4140,9703,6108,2129
13/08/2018,14:00,1789,9918,5233,4359,9914,0516,4996,6515,5450,2987
11/08/2018,19:00,4305,9158,2121,0333,8678,8227,4784,7263,9251,7316
11/08/2018,14:00,0159,1718,3832,6036,4399,5804,6781,6147,9532,6282
10/08/2018,19:00,5598,5652,7111,6010,1902,4482,7556,0982,4195,2477
10/08/2018,14:00,2208,2793,3116,1787,9794,4275,1195,3092,2733,9536
09/08/2018,19:00,0718,3002,0174,7031,2278,8929,4741,6184,9271,5482
09/08/2018,14:00,4766,7695,2286,7690,4344,5423,0895,1023,3388,0837
08/08/2018,19:00,2551,0003,6881,7819,0949,8202,2239,2797,3168,5128
08/08/2018,14:00,3311,6527,6884,5426,3507,2019,7166,1690,9527,8169
07/08/2018,19:00,9002,3302,0434,0054,7439,4751,9923,0578,6517,3751
07/08/2018,14:00,8769,1231,2330,9433,6913,6386,3988,1814,5631,8644
06/08/2018,19:00,1904,7892,1425,8892,7899,0087,2070,2236,7319,5144
06/08/2018,14:00,7072,8668,6778,5646,0212,6026,9543,0013,9652,1791
04/08/2018,19:00,4908,4570,5791,0713,1239,4228,3643,0315,6217,1781
04/08/2018,14:00,8661,8246,5900,7107,3149,5894,1975,8139,2005,5274
03/08/2018,19:00,2330,7789,9778,5516,5934,0377,4547,7966,3213,4767
03/08/2018,14:00,5043,3983,7348,6198,4325,2255,9686,8676,7843,9434
28/07/2018,19:00,1046,8127,8176,8604,5415,0535,4216,9935,4274,7534
28/07/2018,14:00,1820,5975,5470,2947,9590,5724,8780,0156,9713,1063
27/07/2018,19:00,5969,9580,0010,6915,5241,0332,0687,0854,9263,7689
27/07/2018,14:00,3771,5533,1637,1170,6036,5793,6433,5539,4158,1613
26/07/2018,19:00,9570,5732,2276,1689,3712,2615,1974,7759,5916,6862
26/07/2018,14:00,9600,6845,6019,0248,2711,8049,7054,2223,8680,5353
25/07/2018,19:00,3636,9306,1527,1452,6845,6239,5860,1579,1308,9649
02/08/2018,19:00,6824,2139,0805,1494,7372,6042,4285,8609,7656,0556
02/08/2018,14:00,6373,7929,1707,2503,2055,4088,8282,8575,2089,5410
01/08/2018,19:00,7735,9614,8749,1313,1188,8188,4147,1671,4225,9288
01/08/2018,14:00,5281,7778,5685,4326,9125,7850,2593,5857,0067,0472
31/07/2018,19:00,7085,0603,6644,4402,7564,4185,6452,4690,5235,7909
31/07/2018,14:00,0306,8353,5737,6538,4123,5777,1369,3110,1434,3012
30/07/2018,19:00,2150,1263,1775,3251,8952,1764,2375,7374,7795,5847
30/07/2018,14:00,5290,5996,6494,3511,2893,1733,4541,7366,4188,6986
25/07/2018,14:00,4084,0050,3298,5620,2365,6885,5455,4539,6284,3001
24/07/2018,19:00,5051,2790,1900,3268,0810,7392,5388,3076,1072,9339
24/07/2018,14:00,8672,9021,9917,0457,0939,4608,5032,1333,0768,7686
23/07/2018,19:00,5604,5714,7945,9093,1789,1560,7317,9894,2910,7709
23/07/2018,14:00,2770,9287,2308,8227,4927,1947,6284,0039,9999,0937
21/07/2018,19:00,0084,1023,3921,0665,4734,5553,9299,5372,8011,8855
21/07/2018,14:00,5408,0368,5804,0150,3229,9208,8626,7878,9667,5838
20/07/2018,19:00,4368,0217,7363,2762,8311,9901,4567,3347,5707,9370
20/07/2018,14:00,9995,5284,7408,9418,1466,5605,8274,2600,0395,3605
19/07/2018,19:00,1543,2919,1303,0271,7043,7439,1206,4522,3363,0424
19/07/2018,14:00,6418,5130,8284,5152,7207,1981,2119,9233,1485,6102
18/07/2018,19:00,9265,2310,3725,1074,6865,6139,8018,1113,7971,6343
18/07/2018,14:00,9983,0568,0205,0862,8766,9296,0439,9246,7010,8059
17/07/2018,19:00,2449,3825,5165,7167,9560,4988,6697,0366,0389,9949
17/07/2018,14:00,4648,0734,6246,2842,1874,1974,7994,7319,7592,3101
16/07/2018,19:00,7535,3172,8253,8174,3725,0987,3030,8454,1611,4868
16/07/2018,14:00,1959,3210,3807,2873,2116,1142,1581,7430,5988,5138
14/07/2018,19:00,0566,8469,5039,2357,6059,5773,2168,9011,1927,1131
14/07/2018,14:00,7889,8601,8412,3247,7472,8527,2776,2666,6556,4296
13/07/2018,19:00,2958,6769,7552,3529,2473,7985,0527,8613,6281,9902
13/07/2018,14:00,9601,7216,7361,3631,2926,6248,6359,9343,0672,6520
12/07/2018,19:00,6530,8757,3762,0167,2310,4689,6664,2522,7244,7769
12/07/2018,14:00,2714,2349,4456,0851,9239,8892,1855,1954,9489,0059
11/07/2018,19:00,2181,3958,5618,5403,3544,5537,3996,1712,1370,1267
11/07/2018,14:00,5219,4615,5372,0443,7827,2085,9446,4061,7479,3345
10/07/2018,19:00,4523,7451,4382,3210,7010,7878,7423,7838,8655,4201
10/07/2018,14:00,3389,8165,9510,5421,5542,0171,9053,4252,0364,2309
09/07/2018,19:00,2181,6937,6315,6717,6058,3875,6741,7492,1070,9566
09/07/2018,14:00,2808,9159,0048,1093,7052,6758,6087,9193,7173,1152
07/07/2018,19:00,6646,7453,3353,5323,2917,4824,0013,8152,2049,6884
07/07/2018,14:00,3485,0856,5836,0095,2932,3387,2503,7257,1236,4448
06/07/2018,19:00,4260,5713,7590,6112,6042,8759,2557,7306,2165,7096
06/07/2018,14:00,5095,7702,2600,4690,7208,4344,4828,5849,9906,9475
05/07/2018,19:00,0039,7254,7231,4571,5064,0437,7094,3693,2366,5226
05/07/2018,14:00,5644,0634,1550,0697,3695,1736,1561,2384,8242,4057
04/07/2018,19:00,1066,3128,1621,1807,7462,9860,1194,0649,4513,8970
04/07/2018,14:00,6351,9634,9876,5146,4440,4317,4287,6890,7104,0002
03/07/2018,19:00,9527,5641,5641,6003,3483,4637,8527,5967,8252,7589
03/07/2018,14:00,2391,6710,8903,7051,1417,2247,2053,1012,4794,6297
02/07/2018,19:00,3182,9200,6663,1651,1801,9701,1870,4340,2073,3663
02/07/2018,14:00,8416,4736,9929,2317,9633,6899,6874,0741,6396,5400
30/06/2018,19:00,2152,9469,8641,9871,7656,2648,3280,2178,8528,9229
30/06/2018,14:00,3572,3326,3549,5885,1944,9504,5041,5613,4033,2812
29/06/2018,19:00,0315,7651,3893,7107,3146,4218,5159,7936,8923,9362
29/06/2018,14:00,3320,8199,8323,4719,9052,0773,2522,4272,2298,9496
28/06/2018,19:00,3124,8370,7331,0457,9394,4120,0719,6517,8520,0759
28/06/2018,14:00,7355,8712,2672,6625,8310,9233,1405,0486,6779,9796
27/06/2018,19:00,4063,3904,6520,2366,4315,8754,4654,5903,3500,9774
27/06/2018,14:00,2312,3561,0618,0174,1511,3805,3773,1138,6774,0694
26/06/2018,19:00,4760,9742,7822,8507,6647,6403,2647,6589,8225,3586
26/06/2018,14:00,2377,9436,2548,2887,8153,2747,5431,4676,2466,7399
25/06/2018,19:00,7423,3662,6388,8361,7518,2801,3129,8165,8407,8993
25/06/2018,14:00,6756,3304,1837,9420,5153,6271,2795,6263,4638,3678
23/06/2018,19:00,8465,9322,2603,3981,7991,1665,9713,9906,9094,0726
23/06/2018,14:00,6012,0804,8809,7151,6525,4579,4880,6947,2171,5719
22/06/2018,19:00,3681,0990,0260,8482,8766,5896,3071,4772,4058,3558
22/06/2018,14:00,4856,5657,0357,4947,1734,7612,7812,9494,8289,1049
21/06/2018,19:00,0650,2516,0082,2922,4753,4140,6993,9581,0431,9013
21/06/2018,14:00,5449,0505,1933,6741,4506,4299,7387,5673,3110,7389
20/06/2018,19:00,9613,1303,6324,2722,5434,9348,4361,7603,0188,7031
20/06/2018,14:00,2780,9941,1792,1795,7983,5324,7296,4539,2995,9632
19/06/2018,19:00,7258,7044,2683,0238,4289,9596,5069,6957,7579,0888
19/06/2018,14:00,7234,6058,9870,3621,6187,1256,9892,4648,0172,6443
18/06/2018,19:00,0497,7383,6957,7116,9260,2069,5700,6666,3274,6268
18/06/2018,14:00,9801,4700,5418,6586,7441,3639,7047,6972,9403,1991
16/06/2018,19:00,1771,8619,2373,7814,9315,4511,8146,5673,7622,8487
16/06/2018,14:00,4684,1193,9876,3373,3514,7082,1405,5951,2502,6156
15/06/2018,19:00,1023,7568,4023,8651,6765,0423,6612,5916,8225,3216
15/06/2018,14:00,4345,5003,8860,1549,9227,1649,5915,7663,5338,0534
14/06/2018,19:00,3784,5128,0321,7821,4072,3964,7397,7872,0197,8632
14/06/2018,14:00,7559,5953,0913,9504,7716,8941,2134,7870,1396,3150
13/06/2018,19:00,8572,8867,0158,5554,4602,1995,3329,9464,2370,6900
13/06/2018,14:00,7207,3577,6966,3862,3019,0191,7151,5017,8099,3221
12/06/2018,19:00,5822,3155,8207,0201,6826,4938,2825,9108,5497,7472
12/06/2018,14:00,9552,5445,8605,9336,9752,7546,2712,9902,6338,1918
11/06/2018,19:00,9007,1187,1701,2601,5672,3059,2522,0548,0125,3855
11/06/2018,14:00,5743,7978,7661,9616,7374,6102,7021,9995,1229,8629
09/06/2018,19:00,0620,2295,9844,3878,0809,9716,9124,4603,1265,5876
09/06/2018,14:00,0101,4340,6538,4135,5219,7403,0854,5879,4164,3904
08/06/2018,19:00,8705,5299,8223,9120,7500,7327,7483,2491,6408,9845
08/06/2018,14:00,4865,4995,0225,1845,9478,1412,1469,2623,1475,0348
07/06/2018,19:00,1057,5211,4223,0595,4761,6141,6663,3011,4892,5224
07/06/2018,14:00,7716,3910,4466,6109,6382,7213,4722,4671,1130,4402
06/06/2018,19:00,1769,2510,8733,1509,4609,5924,2673,8002,9706,9096
06/06/2018,14:00,3520,1308,0479,9763,7186,1085,8137,6412,1443,7085
05/06/2018,19:00,9419,4675,6716,2477,7894,0731,4870,4572,1346,6749
05/06/2018,14:00,9818,8074,5920,2827,5557,6975,9969,7528,9499,0528
04/06/2018,19:00,5400,5825,4200,6567,5096,9514,5192,8672,8537,3490
04/06/2018,14:00,0414,7157,3972,5865,0856,8688,3439,3905,7429,6112
02/06/2018,19:00,6070,1662,9188,2600,3970,8663,6091,9145,8350,4183
02/06/2018,14:00,7190,9782,2916,9687,1661,5331,8345,5163,7087,4499
01/06/2018,19:00,2502,5634,8392,7883,3183,0597,7635,9734,2588,8567
01/06/2018,14:00,6922,5873,9856,2067,8982,4556,1205,4246,5379,5942
30/05/2018,19:00,4242,8851,5204,5996,7608,7137,8777,5791,9263,1343
30/05/2018,14:00,6850,1303,9209,2071,1729,9317,5876,1680,5249,9585
29/05/2018,19:00,7581,5030,7843,7867,4768,6650,5927,8810,5565,5903
29/05/2018,14:00,2362,9588,4719,6926,6795,8636,2407,3442,3683,7592
28/05/2018,19:00,2484,5324,6388,6374,0306,4714,3037,9036,7956,5036
28/05/2018,14:00,4039,6325,0012,4788,7366,9971,6519,2067,4270,8601
26/05/2018,19:00,8671,9175,3667,6896,7794,4645,8424,1903,6241,1288
26/05/2018,14:00,4486,7012,7769,3115,4718,1862,3279,4931,7934,3536
25/05/2018,19:00,9171,9487,2387,2407,2878,5040,1014,6726,7660,7731
25/05/2018,14:00,6078,8172,9666,4319,0935,7779,0002,7497,4035,8877
24/05/2018,19:00,9633,4400,1001,4493,1653,2803,1344,2874,9941,7287
24/05/2018,14:00,2089,0997,0239,8040,0527,6956,2402,7052,7895,3827
23/05/2018,19:00,8045,5922,9029,4079,7877,0982,3423,2335,7482,0424
23/05/2018,14:00,3967,7425,5427,1291,8392,9159,5384,5337,5538,4895
22/05/2018,19:00,8682,4426,0877,2901,8050,3354,1429,1595,0053,5379
22/05/2018,14:00,5152,4808,8456,1674,5390,6368,4603,0889,4045,8601
21/05/2018,19:00,2162,0213,7523,8780,1342,2144,3002,5020,8265,9975
21/05/2018,14:00,3338,5923,3675,4873,8915,7594,6592,2700,7754,2345
19/05/2018,19:00,4881,8141,3436,8727,3522,4074,4857,1885,7241,3390
19/05/2018,14:00,9894,7242,0337,0066,0392,9276,3362,4120,9779,8075
18/05/2018,19:00,5550,7012,2219,6776,6953,7350,4072,9823,0206,7475
18/05/2018,14:00,1334,4701,8309,5526,1537,1505,8981,3369,3182,7727
17/05/2018,19:00,3974,2412,8036,3488,3730,9235,8437,9658,9239,2268
17/05/2018,14:00,6490,3084,8365,6841,2737,4743,2737,6068,4514,3866
16/05/2018,19:00,9413,2433,0930,3432,8645,8516,2866,4754,9248,1428
16/05/2018,14:00,2260,8662,9671,7133,2495,3210,7897,0290,1969,4065
15/05/2018,19:00,9040,2741,7701,0562,0762,6905,3461,9653,4489,0001
15/05/2018,14:00,1728,5548,6541,3163,2954,3155,8673,2737,7725,2840
14/05/2018,19:00,1795,3462,3056,5456,6657,1536,5127,4791,7167,2041
14/05/2018,14:00,2670,9669,3695,0779,5166,3972,0834,8264,5856,2011
12/05/2018,19:00,2437,6194,8652,2212,8411,8042,6354,1198,7067,2469
12/05/2018,14:00,5948,0878,6140,8657,6785,5827,7316,6759,0871,4073
11/05/2018,19:00,9737,7939,2582,2095,8775,0169,7824,7735,2478,5920
11/05/2018,14:00,1314,3424,9429,0339,6762,2561,1839,4012,0864,1240
10/05/2018,19:00,8317,3862,7670,1263,0493,4506,3157,3821,5842,5371
10/05/2018,14:00,0679,1075,3105,7880,7363,2095,2322,4567,6687,5544
09/05/2018,19:00,9358,4343,0114,8037,3178,3218,9680,1815,4613,5759
09/05/2018,14:00,6198,0927,9016,9341,0083,5913,3906,2582,0683,1168
08/05/2018,19:00,9853,1043,2811,9616,4478,7292,5703,8674,7235,3573
08/05/2018,14:00,7538,2405,3786,4614,3799,1925,7175,2710,3889,9872
07/05/2018,19:00,8017,4378,1941,1092,3766,6701,5740,1673,0643,1513
07/05/2018,14:00,3100,0415,3458,6609,6288,9765,0623,7157,7723,2523
05/05/2018,19:00,1278,8807,8389,5077,5442,7820,5246,2492,7045,0536
05/05/2018,14:00,7474,4199,8961,9569,9115,7671,6718,7066,4535,8521
04/05/2018,19:00,0452,4936,3152,9387,1453,8011,1714,8717,2396,7175
04/05/2018,14:00,2584,8553,7207,2254,1317,1492,2796,8301,1648,7371
03/05/2018,19:00,5786,9370,0874,3549,1002,8924,4028,0972,4617,4436
03/05/2018,14:00,6518,9898,4195,6951,5351,0174,3299,8310,0927,5962
02/05/2018,19:00,6323,6730,2757,0553,3005,8385,8282,1183,3128,3654
02/05/2018,14:00,9754,2879,2955,2483,8522,4166,4799,9236,0908,5337
30/04/2018,19:00,8996,9886,0867,3429,2603,0009,5295,9562,5553,0505
30/04/2018,14:00,0517,2539,9950,7109,1155,8273,1897,1423,5547,4112
28/04/2018,19:00,5173,1364,6968,0154,4194,1881,6833,1343,9080,6394
28/04/2018,14:00,0611,0393,3003,7533,5363,9136,0479,7433,8914,9141
27/04/2018,19:00,8650,2429,9696,6843,8923,6070,4831,7355,0416,5020
27/04/2018,14:00,7661,3696,4674,1907,9327,8751,9652,1938,7386,1960
26/04/2018,19:00,0507,8066,1400,6135,0181,0849,3979,1261,5789,2365
26/04/2018,14:00,6903,9612,0308,0432,2647,0417,5118,9350,9276,0775
25/04/2018,19:00,7703,9990,6191,9256,6448,5965,1842,2055,4512,7854
25/04/2018,14:00,6960,7664,6392,9576,7671,6048,1322,8970,7794,3019
24/04/2018,19:00,3655,5094,5588,8505,1681,5120,4075,6371,1886,7278
24/04/2018,14:00,3061,7175,7221,2290,1330,6839,6717,5265,2273,0138
23/04/2018,19:00,0159,7737,7739,5209,5502,1927,5627,8506,1183,2704
23/04/2018,14:00,4660,7614,8901,6540,0991,8508,6062,2286,0110,0135
20/04/2018,19:00,9516,5357,0512,2127,3741,2032,5564,5727,9706,8883
20/04/2018,14:00,2328,1053,1114,4232,9115,7253,0793,0196,9656,1369
19/04/2018,19:00,4822,4431,5954,1402,6382,6940,8657,6310,1142,6105
19/04/2018,14:00,8484,6705,9063,7319,5250,2165,0898,3683,2216,5318
18/04/2018,19:00,8424,8615,5766,6071,6673,8937,7029,6755,8154,8701
18/04/2018,14:00,8575,3774,9829,1766,8597,7027,4040,9103,6958,4530
17/04/2018,19:00,0502,0315,2890,2552,8905,8874,6891,0705,7227,0571
17/04/2018,14:00,1519,2699,0457,1399,0638,0199,2566,1561,9018,9532
16/04/2018,19:00,5702,7585,9040,8109,2090,1452,8792,2381,4956,3178
16/04/2018,14:00,1385,4007,1434,3642,5355,0445,3919,4489,9588,5046
14/04/2018,19:00,0364,0906,8880,0695,6554,4341,7894,4132,1244,8256
14/04/2018,14:00,4280,4958,6734,3448,6630,1677,1414,7879,6655,8438
13/04/2018,19:00,7478,6716,6029,9710,2074,5036,0819,7695,8867,7395
13/04/2018,14:00,5393,0903,3872,0590,3205,8798,9258,7199,9432,9912
12/04/2018,19:00,1179,5746,8685,5871,4829,8137,3733,8610,1386,3463
12/04/2018,14:00,6313,4044,6115,0875,9179,2691,0341,4531,8831,3400
11/04/2018,19:00,9395,4259,4401,0833,9211,3984,8398,3587,4809,1550
11/04/2018,14:00,0046,2055,1913,9335,3742,3889,8986,6299,1149,7756
10/04/2018,19:00,5347,9288,3396,3650,2363,2463,8779,9262,4615,4254
10/04/2018,14:00,6402,1803,2393,1168,1073,7023,4304,0725,3117,2319
09/04/2018,19:00,4307,4581,2756,9547,7685,9456,6273,6885,0392,4738
09/04/2018,14:00,6959,6712,4934,8759,5134,1470,9140,9268,9015,6285
07/04/2018,19:00,4676,5584,1645,0181,6305,7630,2992,8595,7078,3634
07/04/2018,14:00,0725,8800,5531,5505,1175,8677,1139,5932,5887,7292
06/04/2018,19:00,0159,8571,9740,2757,2659,8104,5112,4807,2355,9003
06/04/2018,14:00,3105,6193,2491,0813,4984,7046,3594,7321,8890,9480
05/04/2018,19:00,2521,4981,3478,5925,1392,7409,0409,8890,4629,5766
05/04/2018,14:00,8978,8125,8708,1259,8925,7071,0761,4445,0039,4245
04/04/2018,19:00,4212,2766,1067,4672,6516,3499,6588,1921,6822,2011
04/04/2018,14:00,4044,1446,2281,8739,4994,5797,6520,4817,5893,4686
03/04/2018,19:00,8174,8751,8865,8041,7066,7724,7493,9107,2849,8739
03/04/2018,14:00,0117,0364,7141,6290,5260,4131,6189,1637,9619,2569
02/04/2018,19:00,3577,4364,6907,7425,5845,7527,1173,3554,2140,9015
02/04/2018,14:00,1386,3441,5016,3528,9146,7577,2368,0133,8249,8937
31/03/2018,19:00,2672,0519,2486,5070,5224,1651,3627,0352,1946,0862
31/03/2018,14:00,8668,6630,9934,6481,8408,9694,2029,0598,0947,3819
29/03/2018,19:00,0720,5778,3708,1132,7409,1127,8152,1268,1642,5413
29/03/2018,14:00,3629,3155,8528,6742,5370,2889,4004,1101,2530,8099
28/03/2018,19:00,9027,9932,3748,6059,3248,9549,2049,7494,1471,3551
28/03/2018,14:00,5091,8372,9005,9087,8230,7681,8479,8258,8683,7190
27/03/2018,19:00,3624,5731,5537,0237,5980,5995,0124,8527,0796,8972
27/03/2018,14:00,7708,7685,7620,3010,1485,9054,9438,3153,2443,1313
26/03/2018,19:00,8683,6229,7618,7912,1251,5442,3052,2457,7662,1640
26/03/2018,14:00,4310,9076,2551,5298,2571,9624,0937,8949,5971,2214
24/03/2018,19:00,5002,8289,1924,4094,6650,0156,7655,9228,8194,9469
24/03/2018,14:00,1351,6563,7156,1992,2989,9817,3396,7275,6999,6779
23/03/2018,19:00,1746,9822,8290,6206,7851,5162,1140,3487,9459,8010
23/03/2018,14:00,3540,7015,9742,8651,9809,3662,4234,8407,7155,3553
22/03/2018,19:00,0483,7773,9628,5824,8835,1440,5451,1787,0941,1701
22/03/2018,14:00,2658,9504,9626,4619,8079,3317,1697,4603,8410,8060
21/03/2018,19:00,2713,7878,0863,4980,6160,7009,9363,8065,3414,6703
21/03/2018,14:00,7088,5541,9234,9005,1825,1792,6020,6525,3549,3066
20/03/2018,19:00,2585,2032,9071,2787,1322,6883,7100,9666,1462,0761
20/03/2018,14:00,0944,3243,7087,7540,3146,4007,1537,3425,9488,7820
17/03/2018,19:00,6345,8967,7852,3484,0587,6289,5393,0701,0629,2722
17/03/2018,14:00,6931,8516,2878,6278,5698,2419,8571,0076,8649,6152
16/03/2018,19:00,7012,7395,1706,3761,1604,4399,3065,9358,2186,5314
16/03/2018,14:00,7961,5649,9124,7207,6926,5904,3604,0217,1871,7106
15/03/2018,19:00,2160,3917,6760,1928,4144,0543,5407,7077,3821,6316
15/03/2018,14:00,9915,3741,7617,7679,5861,3532,7038,8965,0940,6179
14/03/2018,19:00,2204,3615,9967,6940,3615,0996,6811,2975,0012,7301
14/03/2018,14:00,5909,4521,9958,8184,0798,5119,6319,5158,4199,6525
13/03/2018,19:00,9030,1744,3948,4630,4404,9470,8135,5157,3734,3342
13/03/2018,14:00,8029,9684,5576,1171,9971,9245,6651,3410,9160,8401
12/03/2018,19:00,1957,5788,5071,5014,7157,3814,8029,5205,9879,0066
12/03/2018,14:00,5475,3078,3421,8010,9149,1409,9860,6707,5604,6613
10/03/2018,19:00,3302,4154,2115,5827,9775,6250,6521,5025,4825,0026
10/03/2018,14:00,8318,8743,9022,0740,9195,2822,2631,2184,1057,8369
09/03/2018,19:00,1793,5367,5303,6494,8109,3537,9757,7360,6530,4057
09/03/2018,14:00,7378,1987,3257,7048,2289,4792,4242,7798,6637,7208
17/02/2018,19:00,4836,8944,8732,3708,7291,7991,8675,7036,5526,8876
17/02/2018,14:00,7368,1955,7659,4775,6512,2074,6577,1877,0790,6438
16/02/2018,19:00,1404,1742,4319,6856,4243,6785,4029,4159,6109,3331
16/02/2018,14:00,3321,1951,6197,3871,7774,3919,0369,4033,3519,0260
08/03/2018,19:00,9401,2684,6621,7593,9199,4836,6141,4783,7641,1587
08/03/2018,14:00,3565,4363,0805,1066,5058,4740,4767,5106,3952,8496
07/03/2018,19:00,9108,2973,2395,5746,1124,5155,2518,6798,0863,9955
07/03/2018,14:00,3093,4912,8552,6738,3287,4941,5982,7571,9670,5335
06/03/2018,19:00,5766,1779,1367,1647,8277,4122,2200,3570,4317,3798
06/03/2018,14:00,3430,9517,7813,7729,8998,5405,8794,1562,2706,8658
05/03/2018,19:00,6584,7105,0160,3931,7094,1349,4737,7548,5576,4692
05/03/2018,14:00,4004,0922,7691,5120,8006,4558,8523,7440,7783,7389
03/03/2018,19:00,8752,3311,8333,8745,4909,3128,6092,8289,6530,2020
03/03/2018,14:00,2254,0387,5859,8180,0464,0800,0532,1976,6859,2085
02/03/2018,19:00,7359,6072,1527,0313,0740,7388,1225,9540,7467,2767
02/03/2018,14:00,6601,1552,8184,6636,8082,4051,7667,5965,7816,6822
01/03/2018,19:00,7571,8955,1922,4578,9638,0697,4419,5397,3841,5630
01/03/2018,14:00,7250,1714,5175,8426,2548,5951,5002,1967,0273,6206
28/02/2018,19:00,9478,3422,1360,3048,1905,0350,2541,7850,1122,7877
28/02/2018,14:00,8778,5906,6283,3433,7081,1901,3661,9532,5534,5500
27/02/2018,19:00,8503,4970,9550,9599,2434,1928,0862,9973,0591,4645
27/02/2018,14:00,5448,2202,4172,0587,4735,6051,2668,1658,4467,1877
26/02/2018,19:00,7412,2740,1580,3655,2267,9730,4859,8056,7980,9899
26/02/2018,14:00,5297,4615,9252,5911,7672,2092,1565,8167,9610,9128
24/02/2018,19:00,4325,8077,6989,4666,2671,6981,3261,3979,9431,0976
24/02/2018,14:00,3253,4589,8653,9757,4026,5383,9411,3644,7794,3644
23/02/2018,19:00,1612,9113,1855,4753,2517,3875,2130,1637,4765,9190
23/02/2018,14:00,8071,5866,0675,1295,7474,9533,6935,7016,1622,8424
22/02/2018,19:00,4493,4615,0440,1396,4049,4589,3422,2273,4309,6912
22/02/2018,14:00,9890,2175,0208,9587,5940,9901,2846,8475,0024,3920
21/02/2018,19:00,9152,1644,6514,1105,5865,4049,0477,4241,4569,7711
21/02/2018,14:00,1874,0196,8062,0324,9427,4232,2149,0290,5642,8825
20/02/2018,19:00,6548,9015,2062,8562,7792,1742,2067,9639,2211,3563
20/02/2018,14:00,7835,2391,4949,5547,8136,8421,9304,6041,0628,6028
19/02/2018,19:00,5109,4404,8246,7708,4743,2500,0807,8736,0759,0463
19/02/2018,14:00,0272,2845,0366,1404,0917,7109,7086,0436,9731,8908
15/02/2018,19:00,0761,4602,4215,0089,5169,0882,7099,0832,9936,2574
15/02/2018,14:00,9147,6391,7470,7948,8839,7550,7713,9694,6110,3337
14/02/2018,19:00,3805,7586,4750,7376,3599,1152,3976,7898,7530,2104
14/02/2018,14:00,5842,2196,3952,1974,7186,5770,8714,3683,2849,5380
10/02/2018,19:00,2903,0772,1649,8926,7836,7377,5652,7216,4281,1637
10/02/2018,14:00,2383,8102,7565,0622,5763,8679,4862,2969,4019,0647
09/02/2018,19:00,0748,4542,4268,2191,0781,9679,5731,4743,3484,8196
09/02/2018,14:00,6976,3960,8332,6642,4600,1808,1377,7111,8381,8652
08/02/2018,19:00,5179,5438,5874,3691,8674,7224,2470,6247,5964,5917
08/02/2018,14:00,2070,1761,0345,6106,2862,8053,4754,2317,4835,8914
07/02/2018,19:00,9294,6028,4664,5851,0616,2219,1756,1507,7168,2896
07/02/2018,14:00,6935,3054,5431,6392,9082,4114,7403,5321,5196,9338
06/02/2018,19:00,7332,7896,1746,0572,6413,8703,9024,8870,8861,1893
06/02/2018,14:00,9085,1408,2104,9069,2223,4240,2560,6168,2653,2611
05/02/2018,19:00,7922,4516,5209,9121,5126,8233,3727,8611,3480,6308
05/02/2018,14:00,9046,9379,6183,0964,3159,0928,1377,8855,8195,5288
03/02/2018,19:00,8767,3728,0307,1069,9177,5755,5822,1344,5385,7386
03/02/2018,14:00,1014,3382,0096,4316,1108,0937,6397,7066,5267,5934
02/02/2018,19:00,7863,4181,3099,5252,2295,6354,8084,1565,7665,5406
02/02/2018,14:00,8702,6621,4730,5726,6231,9887,1223,5603,6900,3384
01/02/2018,19:00,9635,7906,4796,5843,9522,0204,1095,7467,4313,0362
01/02/2018,14:00,3040,1050,8253,5320,5128,6343,4177,6684,7758,2581
31/01/2018,19:00,1123,2367,8800,0628,4430,7510,5032,5270,2064,2910
31/01/2018,14:00,8481,7415,4347,6000,6843,4864,2165,4528,2735,6932
30/01/2018,19:00,0095,5058,0956,6013,2329,1622,9089,2760,0737,3315
30/01/2018,14:00,4192,8848,1235,8955,4229,7308,7219,5895,3863,8355
29/01/2018,19:00,8397,0079,4901,2356,0521,3331,5970,4145,6120,4165
29/01/2018,14:00,2824,6370,0498,5185,9847,7703,1649,0163,4735,1810
27/01/2018,19:00,9725,1731,8525,5743,4071,5662,6040,2338,3416,1875
27/01/2018,14:00,7561,8611,5421,4890,8332,4043,2944,4473,9660,7858
26/01/2018,19:00,5862,4765,1122,5543,2981,0165,5303,4051,4631,3772
26/01/2018,14:00,0406,0533,6508,9033,2965,8679,0850,1564,1105,1347
25/01/2018,19:00,7586,2125,8062,3978,5381,5498,3009,9715,7455,8183
25/01/2018,14:00,8857,3506,3024,9888,9436,7090,6222,2473,7023,4516
24/01/2018,19:00,2699,8316,3096,6254,7975,7517,9514,3767,4849,1929
24/01/2018,14:00,0927,6610,6413,6913,9162,9829,7075,4499,0796,0891
23/01/2018,19:00,0382,2437,2822,9692,1991,2195,1181,0754,7391,1629
23/01/2018,14:00,4275,7104,0026,7175,7894,0333,7290,0905,0979,2445
22/01/2018,19:00,7525,6357,3144,2464,0150,8205,2867,9968,9905,0308
22/01/2018,14:00,9715,0409,4739,0100,9108,8472,8146,0221,8126,4571
20/01/2018,19:00,3131,4486,3871,1142,8129,3761,6834,5112,8057,5363
20/01/2018,14:00,8954,6015,7690,5425,7140,9296,1081,4949,6666,0815
19/01/2018,19:00,1356,4408,1292,4381,0663,1506,8341,1044,1250,4546
19/01/2018,14:00,9696,9583,6433,9185,1956,1566,5030,9975,6587,3061
18/01/2018,19:00,9661,3289,6413,7762,5436,5074,4397,3793,1008,8724
18/01/2018,14:00,0986,8964,9278,9066,0310,8608,4978,5441,3188,0369
17/01/2018,19:00,9493,4912,8797,5084,3335,7339,1666,7342,9757,8065
17/01/2018,14:00,6824,6759,3836,5469,3997,4303,0106,2015,7578,2889
16/01/2018,19:00,3585,9096,9843,9814,8709,1804,2739,7312,8427,3558
16/01/2018,14:00,9464,1538,9179,6424,0729,8291,4975,5387,0281,2037
15/01/2018,19:00,0796,2908,1277,4948,8832,7262,7557,3005,4876,2523
15/01/2018,14:00,2668,7072,4273,2671,5467,5452,9077,6202,4754,5596
13/01/2018,19:00,0469,4570,5302,3649,5973,9859,5921,7511,8413,3032
13/01/2018,14:00,1513,8933,2395,2700,8503,6379,2737,4333,5004,0724
12/01/2018,19:00,9494,1854,0091,7046,4265,4182,3341,2454,8637,5807
12/01/2018,14:00,3498,3323,1545,4037,5716,3508,8187,2810,7963,3660
11/01/2018,19:00,6670,8199,3154,1426,7042,2084,6305,1595,5741,0830
11/01/2018,14:00,7658,9079,8947,2154,4494,9996,9994,1689,9823,6258
10/01/2018,19:00,8909,6497,9754,5890,2548,7213,0727,8457,5177,5080
10/01/2018,14:00,8553,4790,2933,7784,1583,3708,1253,8171,1315,0081
09/01/2018,19:00,8448,6020,4354,1219,4762,3080,7057,7825,8971,4022
09/01/2018,14:00,5143,9217,2686,5499,4623,2433,9241,6123,4161,4731
08/01/2018,19:00,5933,1455,7508,1764,2118,7181,2381,4537,7700,9751
08/01/2018,14:00,3886,4150,4704,9346,0061,5783,0108,0407,7576,3808
06/01/2018,19:00,0434,8829,6563,0119,3081,2375,6336,3564,6108,4599
06/01/2018,14:00,0685,0210,3604,0606,6745,6143,4984,0286,8113,1562
05/01/2018,19:00,7235,3620,8097,8327,3644,5258,3804,4875,8051,6417
05/01/2018,14:00,7930,3630,1948,1497,7575,8320,3970,6124,6638,4546
04/01/2018,19:00,2799,5286,9277,0702,7627,8349,2713,4410,9880,1493
04/01/2018,14:00,4921,7686,9563,6832,6969,3009,0473,2944,6817,2136
03/01/2018,19:00,9437,6015,2143,2073,1112,3851,5144,4288,4686,6160
03/01/2018,14:00,0819,9747,7164,3708,1364,8495,7169,0362,2058,6833
02/01/2018,19:00,4426,3740,4701,8790,8820,9126,6969,0571,3550,7516
02/01/2018,14:00,0262,2925,1378,0350,3765,1591,9703,4228,5585,0323
